k,WCSS_KMeans,WCSS_MiniBatch,Silhouette_KMeans,Silhouette_MiniBatch,Waktu_KMeans (detik),Waktu_MiniBatch (detik)
2,217.89722018022786,232.3159709227525,0.22480889294495274,0.20540279992141616,0.396747350692749,0.016692638397216797
3,176.46048974559505,187.36151366323566,0.24307577727710075,0.21604117791413557,0.007142782211303711,0.01383066177368164
4,151.87017904850268,160.05816594499504,0.25321638174643885,0.23234841073495807,0.005735874176025391,0.0124359130859375
5,137.31076111315366,145.71658430654793,0.25207520166206276,0.2056715879788268,0.007363080978393555,0.013734817504882812
6,123.33013205753838,137.6935953939917,0.24580402131990234,0.19123107899003242,0.009155750274658203,0.014003276824951172
7,114.76593924610421,117.66423764202023,0.21960990833744398,0.2172532707522258,0.016405820846557617,0.014372110366821289
8,107.38839674377061,111.53240829989036,0.2315055630330778,0.22405076962724732,0.008855342864990234,0.012292623519897461
9,104.23962585367639,103.71343580892398,0.22062516340597446,0.24160478463650664,0.009183406829833984,0.015221118927001953
10,98.02543954929901,96.4070450708866,0.2238133865560165,0.23792834098361978,0.009960651397705078,0.017101287841796875
